{"cameraMode":{"drawMode":0,"name":"Shaded","section":"Shading Mode"},"sceneLighting":true,"audioPlay":false,"sceneViewState":{"m_AlwaysRefresh":false,"showFog":true,"showSkybox":true,"showFlares":true,"showImageEffects":true,"showParticleSystems":true,"showVisualEffectGraphs":true,"m_FxEnabled":true},"in2DMode":false,"pivot":{"x":-0.02427464723587036,"y":-4.287924766540527,"z":2.4824094772338869},"rotation":{"x":0.04791707172989845,"y":0.24903634190559388,"z":-0.012337356805801392,"w":0.967231273651123},"size":4.967955589294434,"orthographic":true}