{"cameraMode":{"drawMode":0,"name":"Shaded","section":"Shading Mode"},"sceneLighting":true,"audioPlay":false,"sceneViewState":{"m_AlwaysRefresh":false,"showFog":true,"showSkybox":true,"showFlares":true,"showImageEffects":true,"showParticleSystems":true,"showVisualEffectGraphs":true,"m_FxEnabled":true},"in2DMode":false,"pivot":{"x":1.9416567087173463,"y":-0.9104757308959961,"z":-0.9380994439125061},"rotation":{"x":0.2578461170196533,"y":0.23894861340522767,"z":-0.06597641110420227,"w":0.9338502883911133},"size":5.027779579162598,"orthographic":false}